s5_number	s5_proteins	s5_avg_spearman	s5_size	avg_spearman_random	significant	large	stage	s5_essentiality	unique between stages	unique within stage
19	{'Q8I1S0', 'A0A143ZY58', 'Q8IKH3', 'Q8IM66'}	0.7969367588932808	4	0.3978079710144926	True	True	5	0.75	True	True
31	{'Q8IL48', 'C6KTA3', 'A0A5K1K967', 'C6KSV2'}	0.7952898550724639	4	0.3920427861868268	True	True	5	0.5	True	True
15	{'Q8IEQ1', 'Q8IAR6', 'Q8IKH3', 'Q8IJM0', 'Q8ILE3', 'Q8IC05', 'Q8I1V1', 'Q8I5M9'}	0.7580815923207228	8	0.3923353554268592	True	True	5	0.625	True	True
32	{'C6S3G2', 'O96252', 'Q8I3N3', 'C6KT09'}	0.7470355731225297	4	0.3938735082222122	True	True	5	0.75	True	True
40	{'C0H4W2', 'Q8I3Q7', 'Q8IIT3', 'Q8I5V6'}	0.7010869565217392	4	0.4136684949476754	True	True	5	0.25	True	True
6	{'Q8ILG6', 'Q8II80', 'Q8I3I6', 'Q8I2X4'}	0.6816534914361001	4	0.4335944387112601	True	True	5	0.75	True	True
33	{'Q8I1S0', 'Q8I5B3', 'O96221', 'Q8I5L6', 'Q8IB60', 'Q8ILX1'}	0.4963109354413701	6	0.4354861335704467	True	True	5	0.8333333333333334	True	True
