s5_number	s5_proteins	s5_avg_spearman	s5_size	avg_spearman_random	significant	large	stage	s5_essentiality	unique between stages	unique within stage
19	{'A0A143ZY58', 'Q8I1S0', 'Q8IM66', 'Q8IKH3'}	0.7969367588932808	4	0.3888563636746484	True	True	5	0.5	True	True
31	{'A0A5K1K967', 'Q8IL48', 'C6KTA3', 'C6KSV2'}	0.7952898550724639	4	0.367192129716708	True	True	5	0.5	True	True
15	{'Q8ILE3', 'Q8IJM0', 'Q8IAR6', 'Q8I5M9', 'Q8IC05', 'Q8IKH3', 'Q8I1V1', 'Q8IEQ1'}	0.7580815923207228	8	0.4219357219508744	True	True	5	0.625	True	True
32	{'Q8I3N3', 'O96252', 'C6KT09', 'C6S3G2'}	0.7470355731225298	4	0.3972001362170474	True	True	5	0.75	True	True
40	{'Q8I5V6', 'Q8IIT3', 'C0H4W2', 'Q8I3Q7'}	0.7010869565217392	4	0.4131261982953899	True	True	5	0.25	True	True
6	{'Q8I3I6', 'Q8I2X4', 'Q8ILG6', 'Q8II80'}	0.6816534914361001	4	0.399094683660992	True	True	5	0.75	True	True
33	{'O96221', 'Q8ILX1', 'Q8I5L6', 'Q8IB60', 'Q8I1S0', 'Q8I5B3'}	0.4963109354413701	6	0.3863223219712104	True	True	5	0.8333333333333334	True	True
44	{'Q8IJ56', 'Q8I544', 'Q8ILP3', 'Q8I2G1'}	0.3819401133434769	4	0.3638666987948454	True	True	5	0.0	True	True
